area,region,turnout
village,,0.8702963282803549
minsk_suburb,,0.7219238272992716
town_over100,,0.793490400563647
capital,,0.6937768108340078
town_below100,,0.8391041423274441
minsk_village,,0.749187850963923
embassy,,0.8145828146868026
city,1,0.7975831286059359
city,2,0.6562316172629621
city,3,0.7066725867326804
city,4,0.8715096773380272
city,6,0.813076923076923
